query_text,language,intent
What time is it in Cairo?,English,information
Add eggs to my cart,English,shopping
Navigate to the stadium,English,navigation
How far is Moscow from Berlin?,English,information
Show construction delays on my commute,English,navigation
What's the weather in São Paulo?,English,information
Recommend a book for a rainy day,English,entertainment
Show me reviews for coffee machine,English,shopping
Recommend a science podcast,English,entertainment
Take me to school,English,navigation
Buy phone case,English,shopping
सबसे नज़दीकी कॉफी शॉप ढूंढो,Hindi,navigation
Remind me to do laundry at 10 AM,English,command
Directions to the convention center,English,navigation
Remind me about dinner tomorrow,English,command
Empfiehl mir einen Podcast,German,entertainment
Show me home decor on sale,English,shopping
Find the nearest grocery store,English,navigation
Start notifications,English,command
Show me songs by Drake,English,entertainment
Show me reviews for water bottle,English,shopping
Buy umbrella,English,shopping
Itinéraire vers la maison,French,navigation
Stream tournament live,English,entertainment
Resume the heater,English,command
Order desk lamp online,English,shopping
Enable NFC,English,command
What's the score of the Warriors game?,English,entertainment
Show me car washs near the office,English,navigation
Find the nearest parking spot,English,navigation
Restock ice cream,English,shopping
How far is São Paulo from Istanbul?,English,information
Remind me to send the email at 8 PM,English,command
Who is the capital of France?,English,information
How do I get to the church?,English,navigation
Add sunscreen to my cart,English,shopping
How far is it to the next EV charger?,English,navigation
How do you say beautiful in Spanish?,English,information
Buy resistance bands,English,shopping
Find deals on running shoes,English,shopping
Restock flour,English,shopping
Order air purifier online,English,shopping
How do you say sorry in Japanese?,English,information
Restock dog food,English,shopping
Play an audiobook by Yuval Harari,English,entertainment
Take me to the nearest bike shop,English,navigation
Take me to the zoo,English,navigation
Show me the fastest route to the convention center,English,navigation
What time does the show start?,English,entertainment
Disable auto-rotate,English,command
Show me the fastest route to Miami,English,navigation
Enable location services,English,command
Is the Constitution deep?,English,information
How far is it to the next rest stop?,English,navigation
How do you say beautiful in Italian?,English,information
Show me driving directions to the market,English,navigation
Enable mobile data,English,command
Where can I buy drone nearby?,English,shopping
Abra o calendário,Portuguese,command
What time is it in Mumbai?,English,information
Stop emails,English,command
Buy a gift for my friend,English,shopping
What does AI stand for?,English,information
Ruf Mama an,German,command
Reply to Dad's message,English,command
What's the score of the Chiefs game?,English,entertainment
What is the meaning of altruistic?,English,information
Cancel my notifications,English,command
Show me reviews for iron,English,shopping
What language do they speak in India?,English,information
What is the water cycle?,English,information
Commande-moi une pizza,French,shopping
Play the latest Kendrick Lamar album,English,entertainment
Play calm music for sleeping,English,entertainment
What games are on today?,English,entertainment
Play an audiobook by Colleen Hoover,English,entertainment
Set a timer for 45 minutes,English,command
Find a scenic route to the church,English,navigation
Play an audiobook by Brené Brown,English,entertainment
How much does drone cost?,English,shopping
What does IoT stand for?,English,information
What is cloud computing?,English,information
How much does hiking boots cost?,English,shopping
Wie ist das Wetter heute?,German,information
Route to Central Park,English,navigation
Close all apps,English,command
Play the latest Travis Scott album,English,entertainment
Find the best deal on sleeping bag,English,shopping
How much does rain jacket cost?,English,shopping
一番近いカフェを探して,Japanese,navigation
How long to drive to the hotel?,English,navigation
Where is the closest fire station?,English,navigation
How do I get to San Francisco?,English,navigation
How long to drive to Boston?,English,navigation
Mostre-me programas de comédia,Portuguese,entertainment
कॉमेडी शो दिखाओ,Hindi,entertainment
Find an electrician nearby,English,shopping
What is dark matter?,English,information
Show me playlists by Bruno Mars,English,entertainment
Call Emily,English,command
Set an alarm for 7 AM,English,command
What language do they speak in Norway?,English,information
Navigate to the nearest Starbucks,English,navigation
Take me to the nearest ATM,English,navigation
How do I get to the vet?,English,navigation
How long to drive to San Francisco?,English,navigation
Read my last notifications,English,command
How do you say water in German?,English,information
Where is the closest hotel?,English,navigation
把牛奶加到购物清单,Mandarin,shopping
What is solar panels?,English,information
Quem ganhou o jogo ontem à noite?,Portuguese,information
Where is the closest bank?,English,navigation
Is there a hardware store ahead?,English,navigation
What are the Sahara Desert?,English,information
Stop the air conditioning,English,command
Route nach Hause,German,navigation
Show me upcoming book releases,English,entertainment
What does ROI stand for?,English,information
Add dish soap to my shopping list,English,shopping
How do I get to the mall?,English,navigation
Order electric toothbrush online,English,shopping
What's new on Hulu?,English,entertainment
Take me to the nearest urgent care,English,navigation
Route to mom's house,English,navigation
What are the Emmy nominees this year?,English,entertainment
What's trending on HBO Max?,English,entertainment
Remind me to water the plants at 5 PM,English,command
Directions to the zoo,English,navigation
मेरे लिए पिज़्ज़ा ऑर्डर करो,Hindi,shopping
Find a gym near me,English,navigation
Show me reviews for office chair,English,shopping
What is the meaning of juxtaposition?,English,information
Schedule a dinner for Thursday,English,command
Stream match live,English,entertainment
How far is the airport from here?,English,navigation
Where is the closest florist?,English,navigation
Open Instagram,English,command
Find back-to-school deals,English,shopping
Restock ground beef,English,shopping
Show me the fastest route to the train station,English,navigation
最新の映画予告編を再生して,Japanese,entertainment
Navegar a la estación de tren,Spanish,navigation
What is the capital of Nigeria?,English,information
Add cheese to my cart,English,shopping
Show me driving directions to the hospital,English,navigation
Restock tea,English,shopping
Schedule a study session for Thursday,English,command
Take me to Central Park,English,navigation
Buy a new portable charger,English,shopping
Turn up the timer,English,command
Emmène-moi à l'aéroport,French,navigation
What's the origin of the Great Wall of China?,English,information
What's new on Disney Plus?,English,entertainment
What is antibiotics?,English,information
Who stars in Inception?,English,entertainment
What is the meaning of eloquent?,English,information
What games are on Friday?,English,entertainment
Navigate to Boston,English,navigation
What is cryptocurrency?,English,information
Find the nearest ATM,English,navigation
Set an alarm for noon,English,command
找最近的咖啡店,Mandarin,navigation
Ligue para a mamãe,Portuguese,command
Enable Wi-Fi,English,command
Sag mir die Schlagzeilen,German,information
Llama a mamá,Spanish,command
Take me to home,English,navigation
Turn on the front door,English,command
Navigate to the nearest restaurant,English,navigation
Order a replacement protein powder,English,shopping
Restock salsa,English,shopping
Find a scenic route to the dentist,English,navigation
Send Dad a message saying I'm on my way,English,command
Where is the closest urgent care?,English,navigation
What's trending on Apple TV?,English,entertainment
Turn on the fan,English,command
Order camera online,English,shopping
What does VPN stand for?,English,information
What is the meaning of empathy?,English,information
Find a subway station near me,English,navigation
Is there a bank ahead?,English,navigation
Show me R&B movies on Hulu,English,entertainment
What is the capital of Chile?,English,information
How tall is the Super Bowl?,English,information
Switch to focus mode,English,command
What's the distance of the Great Wall of China?,English,information
Find a restaurant with free air,English,navigation
What are the symptoms of allergies?,English,information
¿Qué altura tiene la Torre Eiffel?,Spanish,information
Call John,English,command
空港まで連れて行って,Japanese,navigation
Book a plumber near me,English,shopping
Find the nearest Starbucks,English,navigation
What is the capital of Thailand?,English,information
How do you say goodbye in German?,English,information
How much does speaker cost?,English,shopping
Set an alarm for 3 PM,English,command
给我推荐一个播客,Mandarin,entertainment
मेरा अमेज़न ऑर्डर ट्रैक करो,Hindi,shopping
What's the origin of the Constitution?,English,information
Turn on the kitchen lights,English,command
Subscribe to a mechanic,English,shopping
Rastreie meu pedido da Amazon,Portuguese,shopping
セントラルパークへの行き方は?,Japanese,navigation
Tell me about Stonehenge,English,information
Reply to the restaurant's message,English,command
Play the latest Morgan Wallen album,English,entertainment
How many continents are in the world?,English,information
Open the calculator,English,command
Set an alarm for 9 AM,English,command
What's trending on Hulu?,English,entertainment
Find the best deal on iron,English,shopping
आज की ताज़ा खबरें सुनाओ,Hindi,information
Where can I buy hiking boots nearby?,English,shopping
Play the latest Post Malone album,English,entertainment
Find the cheapest headphones,English,shopping
Take me to the nearest bank,English,navigation
What's new on Netflix?,English,entertainment
Order a replacement running shoes,English,shopping
Turn off the TV,English,command
Enable auto-rotate,English,command
Turn down the brightness,English,command
लाइट बंद करो,Hindi,command
Apague as luzes,Portuguese,command
Show me {genre} movies,English,entertainment
Show me romance movies on Spotify,English,entertainment
How much does contact lenses cost?,English,shopping
When is Thanksgiving this year?,English,information
Show me reviews for tent,English,shopping
What games are on Saturday?,English,entertainment
Stop voicemail,English,command
What's the origin of the Olympic Games?,English,information
Remind me about workout tomorrow,English,command
Play the top 40 hits,English,entertainment
Show me sports movies on Hulu,English,entertainment
Restock cat food,English,shopping
Find a cheap barber shop nearby,English,navigation
Turn up the bass,English,command
सेंट्रल पार्क कैसे जाएं?,Hindi,navigation
Show me the fastest route to the zoo,English,navigation
Find a scenic route to the ferry terminal,English,navigation
Remind me about study session in an hour,English,command
Find the cheapest suitcase,English,shopping
Recommend a travel book,English,entertainment
How long is Machu Picchu?,English,information
Show me the fastest route to school,English,navigation
Take me to Miami,English,navigation
Directions to the nearest dog park,English,navigation
Set a timer for 5 minutes,English,command
Take me to the nearest dog park,English,navigation
Compare prices for headphones,English,shopping
Navigate to the city center,English,navigation
Joue les dernières bandes-annonces,French,entertainment
How does DNA work?,English,information
मुझे एक पॉडकास्ट सुझाओ,Hindi,entertainment
Who stars in Oppenheimer?,English,entertainment
Show me the fastest route to Boston,English,navigation
How do I get to Miami?,English,navigation
Order sleeping bag online,English,shopping
Find the cheapest air purifier,English,shopping
Find nature books rated PG-13,English,entertainment
Find a scenic route to the airport,English,navigation
Set an alarm for 5 PM,English,command
What is quantum computing?,English,information
When is the midterm elections?,English,information
What's the origin of the internet?,English,information
Find a scenic route to the hotel,English,navigation
Set an alarm for 1 PM,English,command
Define SEO,English,information
What is virtual reality?,English,information
Show me romance movies on Disney Plus,English,entertainment
Find deals on keyboard,English,shopping
How far is the park from here?,English,navigation
What is relativity?,English,information
Take me to the nearest florist,English,navigation
Show me nature movies on Amazon Prime,English,entertainment
How far is the university from here?,English,navigation
What is the capital of Mexico?,English,information
How deep is the Colosseum?,English,information
What is blockchain?,English,information
Check my email,English,command
What's trending on Paramount Plus?,English,entertainment
Schedule a meeting for Monday,English,command
Order sneakers online,English,shopping
Play the top 50 hits,English,entertainment
Schedule a call for Tuesday,English,command
Play an audiobook by Malcolm Gladwell,English,entertainment
Order laptop from Target,English,shopping
How do you say food in Japanese?,English,information
Order a replacement yoga mat,English,shopping
Show me viral videos tonight,English,entertainment
Find the best deal on office chair,English,shopping
What's the best route to the park?,English,navigation
Tell me about the Great Barrier Reef,English,information
What are the BAFTA nominees this year?,English,entertainment
Restock onions,English,shopping
Compare prices for sneakers,English,shopping
Find a cheap bike shop nearby,English,navigation
Turn on the microphone,English,command
Where is the closest hardware store?,English,navigation
What language do they speak in France?,English,information
Navigate to the nearest laundromat,English,navigation
Show me banks near the beach,English,navigation
How far is the church from here?,English,navigation
Reply to Alex's message,English,command
Add dog food to my cart,English,shopping
What's new on Crunchyroll?,English,entertainment
Route to the beach,English,navigation
Add bread to my shopping list,English,shopping
Restock batteries,English,shopping
Find the nearest barber shop,English,navigation
Show me reviews for portable charger,English,shopping
Open Slack,English,command
Show me newest camera,English,shopping
Where can I buy sunglasses nearby?,English,shopping
Reply to Mom's message,English,command
What is evolution?,English,information
Tell me about Niagara Falls,English,information
Add laundry detergent to my shopping list,English,shopping
Show me banks near Miami,English,navigation
Compare prices for winter jacket,English,shopping
Find the best deal on portable charger,English,shopping
How old is the Olympic Games?,English,information
Show me podcasts by Travis Scott,English,entertainment
Show me reviews for rain jacket,English,shopping
Show me the fastest route to the office,English,navigation
Buy gaming mouse,English,shopping
Order wireless earbuds from Walmart,English,shopping
What are the Great Wall of China?,English,information
What are the symptoms of insomnia?,English,information
¿Quién ganó el partido anoche?,Spanish,information
What's the origin of the Nobel Prize?,English,information
Who stars in The Godfather?,English,entertainment
Find deals on electric toothbrush,English,shopping
Buy a new water bottle,English,shopping
How far is Moscow from Tokyo?,English,information
Who stars in Avatar?,English,entertainment
Who stars in Spider-Man?,English,entertainment
Show me the fastest route to the botanical garden,English,navigation
Compare prices for robot vacuum,English,shopping
Add bananas to my shopping list,English,shopping
Tell me about the United Nations,English,information
Show me today's deals on DoorDash,English,shopping
Recommend a nature documentary,English,entertainment
How do you say beautiful in Korean?,English,information
Show me nature movies on Crunchyroll,English,entertainment
What is the meaning of ambiguous?,English,information
How do I get to Boston?,English,navigation
Buy a new monitor,English,shopping
Where can I buy umbrella nearby?,English,shopping
What are the symptoms of diabetes?,English,information
What is the capital of Argentina?,English,information
Find a scenic route to the zoo,English,navigation
Set the brightness to 75 degrees,English,command
Find the best deal on hiking boots,English,shopping
Order skateboard online,English,shopping
What's the weather in Berlin?,English,information
What is gene editing?,English,information
Turn up the thermostat,English,command
Navigate to the nearest hardware store,English,navigation
Find portable sunglasses under $500,English,shopping
最寄りのガソリンスタンドはどこ?,Japanese,navigation
Restock salmon,English,shopping
Donne-moi les titres des actualités,French,information
Where is the closest auto repair shop?,English,navigation
Play Coldplay,English,entertainment
Book a pet sitter near me,English,shopping
Verfolge meine Amazon-Bestellung,German,shopping
Turn up the volume,English,command
Take me to the nearest gas station,English,navigation
Was ist gerade beliebt auf Netflix?,German,entertainment
Show me reviews for camera,English,shopping
Directions to the marina,English,navigation
Find the cheapest gaming mouse,English,shopping
Stream game live,English,entertainment
Where can I buy skateboard nearby?,English,shopping
When was the Great Wall of China built?,English,information
What's new on HBO Max?,English,entertainment
Qui a gagné le match hier soir?,French,information
导航回家,Mandarin,navigation
How long to drive to the courthouse?,English,navigation
What does RSVP stand for?,English,information
Add potatoes to my shopping list,English,shopping
Recomende um podcast para mim,Portuguese,entertainment
Spiel mein Lieblingslied ab,German,entertainment
Switch to night mode,English,command
Navigate to the waterfront,English,navigation
Where can I buy mattress nearby?,English,shopping
What language do they speak in Japan?,English,information
Send a text to Emily,English,command
What is machine learning?,English,information
Buy a new hair dryer,English,shopping
How does cloud computing work?,English,information
Show me viral videos this week,English,entertainment
Compare prices for bicycle,English,shopping
Show traffic on my commute,English,navigation
Definiere künstliche Intelligenz,German,information
Show road conditions on my commute,English,navigation
Show me R&B movies on Tidal,English,entertainment
昨夜の試合は誰が勝った?,Japanese,information
今日のニュースの見出しを教えて,Japanese,information
What time is it in Sydney?,English,information
Cancel my voicemail,English,command
Subscribe to a locksmith,English,shopping
Order umbrella online,English,shopping
How long to drive to the ferry terminal?,English,navigation
追踪我的亚马逊订单,Mandarin,shopping
Compare prices for blender,English,shopping
Add tea to my shopping list,English,shopping
Buy a gift for my partner,English,shopping
Unlock the air conditioning,English,command
Order burgers for delivery,English,shopping
Play happy music for studying,English,entertainment
How do I avoid the toll road?,English,navigation
Define VPN,English,information
Navigate to the nearest dentist,English,navigation
Set the timer to 50%,English,command
Turn off the fan,English,command
人工知能を定義して,Japanese,information
Find Prime Day deals,English,shopping
What is the capital of Indonesia?,English,information
電気を消して,Japanese,command
Find deals on vitamins,English,shopping
Define AI,English,information
How long to drive to the city center?,English,navigation
What's the top book on Disney Plus?,English,entertainment
Add apples to my shopping list,English,shopping
Trouve le café le plus proche,French,navigation
Reply to my boss's message,English,command
Joue ma chanson préférée,French,entertainment
Find the nearest urgent care,English,navigation
What is the capital of Sweden?,English,information
What's the top podcast on Amazon Prime?,English,entertainment
What's the weather in London?,English,information
Open WhatsApp,English,command
What's the distance of Stonehenge?,English,information
Route to the community center,English,navigation
What's the best route to the university?,English,navigation
Show me viral videos tomorrow,English,entertainment
Set a timer for 2 hours,English,command
Compare Nike and Adidas shoes,English,shopping
Directions to the nearest bike shop,English,navigation
What's trending on Tidal?,English,entertainment
Add orange juice to my cart,English,shopping
Navigate to mom's house,English,navigation
Busca tiendas de ropa cercanas,Spanish,shopping
Compare prices for desk lamp,English,shopping
O que está em alta na Netflix?,Portuguese,entertainment
Find a scenic route to the vet,English,navigation
Who stars in Barbie?,English,entertainment
What causes tsunamis?,English,information
Call Sarah,English,command
Tell me about the Grand Canyon,English,information
How old is the Super Bowl?,English,information
Unlock the lights,English,command
Order pizza for delivery,English,shopping
How long to drive to the train station?,English,navigation
Find the nearest library,English,navigation
How does blockchain work?,English,information
Find the best deal on running shoes,English,shopping
Show me the fastest route to San Francisco,English,navigation
Open the weather app,English,command
What's the origin of the Amazon River?,English,information
What time is it in Lagos?,English,information
Add tortillas to my cart,English,shopping
Directions to the nearest gas station,English,navigation
Find deals on contact lenses,English,shopping
How wide is the Taj Mahal?,English,information
Quelle est la hauteur de la Tour Eiffel?,French,information
Rastrea mi pedido de Amazon,Spanish,shopping
Remind me to do laundry at 10 PM,English,command
What are NASA?,English,information
How long to drive to the beach?,English,navigation
Add chicken to my cart,English,shopping
Turn off the front door,English,command
Order a replacement hiking boots,English,shopping
Who won the the next World Cup last season?,English,information
Switch to airplane mode,English,command
How long to drive to the botanical garden?,English,navigation
Turn on the living room lights,English,command
What's the top documentary on Hulu?,English,entertainment
What's the score of the Eagles game?,English,entertainment
Book a locksmith near me,English,shopping
Add trash bags to my cart,English,shopping
Bestell mir eine Pizza,German,shopping
Play an audiobook by James Patterson,English,entertainment
Add milk to my cart,English,shopping
Find the best deal on phone case,English,shopping
Show me reviews for phone case,English,shopping
Schedule a dinner for Saturday,English,command
Buy drone,English,shopping
Remind me to call the dentist at 7 AM,English,command
Find the cheapest hiking boots,English,shopping
What is the capital of Kenya?,English,information
播放最新电影预告片,Mandarin,entertainment
Como chegar ao Central Park?,Portuguese,navigation
Order portable charger from DoorDash,English,shopping
Start reminder,English,command
Find a scenic route to the botanical garden,English,navigation
Define NASA,English,information
How much does running shoes cost?,English,shopping
Show me shows by Coldplay,English,entertainment
Pon mi canción favorita,Spanish,entertainment
Play Kendrick Lamar,English,entertainment
How do you say food in Spanish?,English,information
What are the Golden Globe nominees this year?,English,entertainment
Show me reviews for fitness tracker,English,shopping
Show me the fastest route to the city center,English,navigation
How far is Paris from Toronto?,English,information
Find a EV charger near me,English,navigation
Tell me about the Constitution,English,information
Remind me about workout at 3 PM,English,command
What is the capital of Turkey?,English,information
Navigate to work,English,navigation
Find a scenic route to work,English,navigation
How does relativity work?,English,information
Is the Sahara Desert wide?,English,information
Track my Whole Foods order,English,shopping
How many feet in a mile?,English,information
What are the symptoms of high blood pressure?,English,information
Find the nearest hotel,English,navigation
Open my email,English,command
How many bones are in the human body?,English,information
How does nuclear fusion work?,English,information
What's the population of the internet?,English,information
Find the cheapest drone,English,shopping
Show me the fastest route to the park,English,navigation
Find a bank near me,English,navigation
What time does the game start?,English,entertainment
Order yoga mat online,English,shopping
How do I get to Times Square?,English,navigation
Navigate to the botanical garden,English,navigation
Turn on the sprinklers,English,command
Is there a subway station ahead?,English,navigation
Order a replacement water bottle,English,shopping
Find the cheapest rain jacket,English,shopping
Buy a new robot vacuum,English,shopping
Send a text to Sarah,English,command
Start emails,English,command
Define ASAP,English,information
What's the origin of Mount Everest?,English,information
What time is it in Seoul?,English,information
Where can I buy electric toothbrush nearby?,English,shopping
Show me today's deals on Costco,English,shopping
Take me to the nearest fire station,English,navigation
Read my last timer,English,command
Directions to the airport,English,navigation
Find the nearest movie theater,English,navigation
What's trending on Apple Music?,English,entertainment
Add eggs to my shopping list,English,shopping
Quel temps fait-il aujourd'hui?,French,information
Show me reviews for printer,English,shopping
Order tent online,English,shopping
What are the Pyramids of Giza?,English,information
Find deals on iron,English,shopping
Show me today's deals on Instacart,English,shopping
Find the best deal on drone,English,shopping
What's the best route to San Francisco?,English,navigation
How does gravity work?,English,information
Buy a new gaming mouse,English,shopping
Open the banking app,English,command
Order a replacement rain jacket,English,shopping
What is the capital of South Korea?,English,information
Turn on the heater,English,command
Who won the the spring equinox last season?,English,information
Call the restaurant,English,command
Show me the fastest route to downtown,English,navigation
Play the latest Beyoncé album,English,entertainment
Find a coffee shop with a car wash,English,navigation
Take me to the nearest rest stop,English,navigation
What language do they speak in Morocco?,English,information
How long to drive to the dentist?,English,navigation
Show me today's deals on Best Buy,English,shopping
Set a timer for 10 minutes,English,command
Send a text to Dad,English,command
Order a replacement sneakers,English,shopping
Find a kid-friendly bank nearby,English,navigation
Find deals on sleeping bag,English,shopping
What language do they speak in Portugal?,English,information
Turn off the garage door,English,command
Stop the oven,English,command
How far is San Francisco from here?,English,navigation
आज मौसम कैसा है?,Hindi,information
Play focus playlist,English,entertainment
Is there a florist ahead?,English,navigation
How does plate tectonics work?,English,information
Find the best deal on rain jacket,English,shopping
How do I avoid the interstate?,English,navigation
How does the greenhouse effect work?,English,information
Track my Amazon order,English,shopping
What causes droughts?,English,information
Where can I buy resistance bands nearby?,English,shopping
Directions to downtown,English,navigation
How does autonomous driving work?,English,information
How many planets are in the solar system?,English,information
How does electric cars work?,English,information
Is there a pharmacy ahead?,English,navigation
Play Morgan Wallen,English,entertainment
Recommend a classical podcast,English,entertainment
How old is Mount Everest?,English,information
Set the thermostat to 80%,English,command
Show me R&B movies on Netflix,English,entertainment
Remind me about workout this evening,English,command
Find a pet store near me,English,navigation
Order a replacement tent,English,shopping
Find the cheapest water bottle,English,shopping
Recomiéndame un podcast de tecnología,Spanish,entertainment
Find a post office with Wi-Fi,English,navigation
Play an audiobook by Michelle Obama,English,entertainment
Stop the living room lights,English,command
नज़दीकी पेट्रोल पंप खोजो,Hindi,navigation
Send Alex a message saying call me back,English,command
Stop the sprinklers,English,command
Remind me about dinner at 3 PM,English,command
Who invented Machu Picchu?,English,information
How does natural selection work?,English,information
Find a coupon for Amazon,English,shopping
Where is the closest ATM?,English,navigation
What's new on Paramount Plus?,English,entertainment
What's the score of the Patriots game?,English,entertainment
Directions to the courthouse,English,navigation
Turn off the oven,English,command
Set an alarm for 7:30 AM,English,command
Unlock the microphone,English,command
What are the Grammy nominees this year?,English,entertainment
Directions to the nearest dentist,English,navigation
How much does phone case cost?,English,shopping
Call Dad,English,command
Who stars in The Batman?,English,entertainment
Directions to the nearest urgent care,English,navigation
What does UNESCO stand for?,English,information
Show me portable keyboard,English,shopping
Schedule a study session for tomorrow,English,command
Schedule a dinner for Friday,English,command
How much does air purifier cost?,English,shopping
How far is it to the next grocery store?,English,navigation
Set the brightness to maximum,English,command
What's the best route to mom's house?,English,navigation
Turn off the air conditioning,English,command
When was NASA built?,English,information
Where is the closest post office?,English,navigation
Add bread to my cart,English,shopping
Spiel die neuesten Filmtrailer ab,German,entertainment
Is there a grocery store ahead?,English,navigation
How much does winter jacket cost?,English,shopping
Turn off the kitchen lights,English,command
Compare prices for tent,English,shopping
Directions to the nearest movie theater,English,navigation
Remind me to water the plants at 10 AM,English,command
Find deals on yoga mat,English,shopping
Find a urgent care near me,English,navigation
When is New Year's Eve?,English,information
Schedule a meeting for Friday,English,command
What causes tornadoes?,English,information
Stop the heater,English,command
Compare prices for gaming mouse,English,shopping
Cancel my notification,English,command
Resume the bedroom lights,English,command
Take me to the mall,English,navigation
What time does the match start?,English,entertainment
How do I get to the hotel?,English,navigation
Open TikTok,English,command
When was the Colosseum created?,English,information
Find a car wash near me,English,navigation
Route to the courthouse,English,navigation
What's the weather in Tokyo?,English,information
Call Alex,English,command
Finde das nächste Café,German,navigation
Order a replacement office chair,English,shopping
Find a photographer nearby,English,shopping
What's the best route to the zoo?,English,navigation
告诉我今天的新闻头条,Mandarin,information
How much does sunglasses cost?,English,shopping
Remind me about study session at 3 PM,English,command
Füge Milch zur Einkaufsliste hinzu,German,shopping
Find me a {genre} podcast,English,entertainment
Order a replacement monitor,English,shopping
Send a text to John,English,command
When was Niagara Falls built?,English,information
Navigate to the beach,English,navigation
Set a timer for 30 minutes,English,command
买一副新耳机,Mandarin,shopping
Recommend a action series,English,entertainment
How far is Chicago from here?,English,navigation
Book a cleaner near me,English,shopping
Order mattress online,English,shopping
How does solar panels work?,English,information
Show me podcasts by The Beatles,English,entertainment
What's the stock price of the United Nations?,English,information
What's trending on Spotify?,English,entertainment
Turn off the fireplace,English,command
Show me today's deals on Target,English,shopping
Directions to the nearest pharmacy,English,navigation
Add lettuce to my cart,English,shopping
Turn off the microphone,English,command
Directions to work,English,navigation
Call my doctor,English,command
Resume the lights,English,command
Find the cheapest laptop,English,shopping
How old is the Great Barrier Reef?,English,information
Find the nearest car wash,English,navigation
Find a coupon for DoorDash,English,shopping
Set a timer for 1 hour,English,command
Who is the population of SpaceX?,English,information
Take me to the church,English,navigation
Show me walking directions to the market,English,navigation
Navigate to the church,English,navigation
What are the Oscar nominees this year?,English,entertainment
Who founded the Super Bowl?,English,information
关灯,Mandarin,command
What are the symptoms of asthma?,English,information
Qu'est-ce qui est tendance sur Netflix?,French,entertainment
Resume the porch light,English,command
What's the height of NASA?,English,information
Unlock the kitchen lights,English,command
Show me dog parks near work,English,navigation
Show me walking directions to Central Park,English,navigation
What are the Constitution?,English,information
Turn down the bass,English,command
Find a locksmith nearby,English,shopping
Find a scenic route to the stadium,English,navigation
What's the height of the Colosseum?,English,information
Turn off the living room lights,English,command
Show me today's deals on Whole Foods,English,shopping
Buy a new bicycle,English,shopping
What is nuclear fusion?,English,information
Schedule a meeting for tomorrow,English,command
Encontre o café mais próximo,Portuguese,navigation
How much does suitcase cost?,English,shopping
Show me reviews for sleeping bag,English,shopping
有什么好看的喜剧节目?,Mandarin,entertainment
Add olive oil to my shopping list,English,shopping
Restock diapers,English,shopping
Where can I buy robot vacuum nearby?,English,shopping
Recommend a soul documentary,English,entertainment
怎么去中央公园?,Mandarin,navigation
Order a replacement contact lenses,English,shopping
What language do they speak in Chile?,English,information
Find a bookstore near me,English,navigation
Resume the air conditioning,English,command
How far is the dentist from here?,English,navigation
Where is the closest rest stop?,English,navigation
What does MRI stand for?,English,information
Play The Beatles,English,entertainment
Remind me to submit the report at 7 AM,English,command
How does the stock market work?,English,information
Turn up the brightness,English,command
Play movie trailers,English,entertainment
Where is the closest parking spot?,English,navigation
什么是人工智能?,Mandarin,information
What are the best sports shows right now?,English,entertainment
今天天气怎么样?,Mandarin,information
Ouvre le calendrier,French,command
Add salmon to my shopping list,English,shopping
Toque minha música favorita,Portuguese,entertainment
Order a replacement vitamins,English,shopping
Find deals on rain jacket,English,shopping
Netflixで何が人気?,Japanese,entertainment
Who discovered the human body?,English,information
Find a scenic route to the office,English,navigation
What are the Olympic Games?,English,information
What time is it in São Paulo?,English,information
How far is the gym from here?,English,navigation
Compare prices for running shoes,English,shopping
Is there a EV charger ahead?,English,navigation
What's the weather in Jakarta?,English,information
How does entropy work?,English,information
Remind me to take my medicine at 8 PM,English,command
Take me to the courthouse,English,navigation
What is climate change?,English,information
家までのルートを教えて,Japanese,navigation
What's the origin of the human body?,English,information
Is there a urgent care ahead?,English,navigation
Show me playlists by Taylor Swift,English,entertainment
Rota para casa,Portuguese,navigation
コメディ番組を見せて,Japanese,entertainment
Show me horror movies on Disney Plus,English,entertainment
找附近的服装店,Mandarin,shopping
Remind me to pay the bills at 3 PM,English,command
Stell einen Wecker auf sieben Uhr,German,command
Set an alarm for 6 PM,English,command
Tell me about the Pyramids of Giza,English,information
Find a coupon for Best Buy,English,shopping
Take me to the vet,English,navigation
Buy a new sunglasses,English,shopping
What is plate tectonics?,English,information
Take me to the botanical garden,English,navigation
Buy a new drone,English,shopping
Where is the closest movie theater?,English,navigation
Mach das Licht aus,German,command
Find a good {genre} series,English,entertainment
Compare prices for monitor,English,shopping
What's the origin of NASA?,English,information
How does 3D printing work?,English,information
Check my notification,English,command
Suis mon colis Amazon,French,shopping
Show me bus directions to the office,English,navigation
Navigate to the nearest hotel,English,navigation
How much does robot vacuum cost?,English,shopping
Find the cheapest backpack,English,shopping
What's the top documentary on Spotify?,English,entertainment
Order a replacement winter jacket,English,shopping
How tall is the internet?,English,information
Show me viral videos right now,English,entertainment
What's the best route to the hospital?,English,navigation
Find deals on fitness tracker,English,shopping
How do I get to the courthouse?,English,navigation
Is the Pyramids of Giza wide?,English,information
शॉपिंग लिस्ट में दूध जोड़ो,Hindi,shopping
Navigate to the nearest fire station,English,navigation
Navigate to the nearest post office,English,navigation
Order keyboard online,English,shopping
Directions to the nearest hotel,English,navigation
What's the top show on Apple Music?,English,entertainment
Open Notes,English,command
Turn off the bedroom lights,English,command
Route to the vet,English,navigation
Buy iron,English,shopping
Show me hip hop movies on Disney Plus,English,entertainment
Play the latest Eminem album,English,entertainment
Directions to the nearest bookstore,English,navigation
Play motivational music for cleaning,English,entertainment
Send a text to the restaurant,English,command
What's the stock price of the World Cup?,English,information
How does machine learning work?,English,information
Schedule a call for Saturday,English,command
Who is the population of the UK?,English,information
Reply to the office's message,English,command
Where is the closest gym?,English,navigation
Show me bookstores near the church,English,navigation
Route to the botanical garden,English,navigation
Add baby formula to my shopping list,English,shopping
Is there a gas station ahead?,English,navigation
Where can I buy blender nearby?,English,shopping
Play intense music for running,English,entertainment
Navigate to the nearest dry cleaner,English,navigation
How far is it to the next dentist?,English,navigation
How far is school from here?,English,navigation
How much does wireless earbuds cost?,English,shopping
What are the United Nations?,English,information
How far is the zoo from here?,English,navigation
Find deals on blender,English,shopping
播放我喜欢的歌,Mandarin,entertainment
What's the top show on HBO Max?,English,entertainment
How old is Machu Picchu?,English,information
Remind me to pay the bills at 8 PM,English,command
Set an alarm for 8 PM,English,command
What's new on YouTube?,English,entertainment
Turn on the garage door,English,command
How much does office chair cost?,English,shopping
Is the United Nations wide?,English,information
How old is the Pyramids of Giza?,English,information
Take me to the stadium,English,navigation
नेटफ्लिक्स पर क्या ट्रेंड कर रहा है?,Hindi,entertainment
Find a scenic route to Times Square,English,navigation
Remind me about meeting in an hour,English,command
Take me to the community center,English,navigation
Order drone online,English,shopping
Play Ed Sheeran,English,entertainment
Call Mike,English,command
Route to the airport,English,navigation
Navigate to the nearest bank,English,navigation
Reply to John's message,English,command
Tell me about the Statue of Liberty,English,information
Take me to Times Square,English,navigation
Bring mich zum Flughafen,German,navigation
Buy blender,English,shopping
Read my last storage,English,command
What causes earthquakes?,English,information
Show me the fastest route to work,English,navigation
Set an alarm for 10 AM,English,command
What's new on Amazon Prime?,English,entertainment
What's the best route to the office?,English,navigation
How far is the hospital from here?,English,navigation
Find deals on mattress,English,shopping
What is compound interest?,English,information
Find a mechanic nearby,English,shopping
Show accidents on my commute,English,navigation
Cancel my alarm,English,command
How far is Central Park from here?,English,navigation
How do I get to the museum?,English,navigation
Find a highly rated EV charger nearby,English,navigation
How far is the vet from here?,English,navigation
Find refurbished hair dryer under $500,English,shopping
Where is the closest gas station?,English,navigation
Play Eminem,English,entertainment
How long to drive to the waterfront?,English,navigation
Who is the CEO of Google?,English,information
Show me reviews for hiking boots,English,shopping
Find the best deal on winter jacket,English,shopping
Show me the fastest route to the vet,English,navigation
What's the origin of the Pyramids of Giza?,English,information
How far is it to the next bank?,English,navigation
How long to drive to the mall?,English,navigation
Define MRI,English,information
Open the fitness app,English,command
Directions to Central Park,English,navigation
Find the best deal on vitamins,English,shopping
Send Mike a message saying running 10 minutes late,English,command
Play the top 100 hits,English,entertainment
What is the meaning of ubiquitous?,English,information
What are the Taj Mahal?,English,information
Stream festival live,English,entertainment
Find the best deal on desk lamp,English,shopping
How long to drive to the stadium?,English,navigation
What time is it in London?,English,information
買い物リストに牛乳を追加して,Japanese,shopping
Find the best deal on protein powder,English,shopping
Play intense music for driving,English,entertainment
Find a hotel with Wi-Fi,English,navigation
Find a kid-friendly fire station nearby,English,navigation
Open Zoom,English,command
Order a replacement air purifier,English,shopping
What's the best route to the mall?,English,navigation
Buy a new yoga mat,English,shopping
Coloque um alarme para as sete,Portuguese,command
What's the distance of the Declaration of Independence?,English,information
How much does tablet cost?,English,shopping
What are the best self-help shows right now?,English,entertainment
Find a pet sitter nearby,English,shopping
Navigate to the nearest gym,English,navigation
What is the meaning of meticulous?,English,information
Stop schedule,English,command
Recommend a book for tonight,English,entertainment
Wo ist die nächste Tankstelle?,German,navigation
Find a tutor nearby,English,shopping
Show me sports movies on Apple TV,English,entertainment
Order a replacement coffee machine,English,shopping
Recommend a fitness book,English,entertainment
What is the meaning of tenacious?,English,information
Show me dog parks near the beach,English,navigation
Muéstrame comedias en Netflix,Spanish,entertainment
Compra auriculares nuevos,Spanish,shopping
What's the origin of the Mariana Trench?,English,information
Order phone case online,English,shopping
Delete all notifications,English,command
Reproduce los últimos tráilers de películas,Spanish,entertainment
Route to the marina,English,navigation
Directions to the museum,English,navigation
Navigate to home,English,navigation
How far is the botanical garden from here?,English,navigation
Add avocados to my shopping list,English,shopping
Send John a message saying I'll be late,English,command
What's the score of the Real Madrid game?,English,entertainment
Llévame al aeropuerto,Spanish,navigation
Switch to driving mode,English,command
Buy tickets for match,English,shopping
What's the score of the Chelsea game?,English,entertainment
Compare prices for drone,English,shopping
Find a scenic route to the courthouse,English,navigation
How far is it to the next pharmacy?,English,navigation
How does supply and demand work?,English,information
Buy a new sleeping bag,English,shopping
What's new on Spotify?,English,entertainment
How does quantum computing work?,English,information
Show me horror movies on Spotify,English,entertainment
Play some {genre},English,entertainment
What are the best metal documentarys right now?,English,entertainment
Find a movie theater near me,English,navigation
Take me to the nearest subway station,English,navigation
Read my last notification,English,command
Reply to my doctor's message,English,command
Order robot vacuum online,English,shopping
Directions to the nearest barber shop,English,navigation
打电话给妈妈,Mandarin,command
Order smartwatch online,English,shopping
Find the cheapest winter jacket,English,shopping
Show me best keyboard,English,shopping
Send a text to my boss,English,command
What's the best route to the botanical garden?,English,navigation
Find Black Friday deals,English,shopping
What are the best Bollywood albums right now?,English,entertainment
Send a text to the office,English,command
Play the latest Coldplay album,English,entertainment
What are the best reggae shows right now?,English,entertainment
Is there a dry cleaner ahead?,English,navigation
Buy a new vitamins,English,shopping
Play motivational music for yoga,English,entertainment
Find a scenic route to the marina,English,navigation
How far is work from here?,English,navigation
Find a scenic route to downtown,English,navigation
नई फिल्मों के ट्रेलर दिखाओ,Hindi,entertainment
Mets une alarme à sept heures,French,command
Buy a new running shoes,English,shopping
What time does the concert start?,English,entertainment
कैलेंडर खोलो,Hindi,command
Order a replacement skateboard,English,shopping
Order gaming mouse online,English,shopping
Compare prices for vitamins,English,shopping
Play Olivia Rodrigo,English,entertainment
Where can I buy headphones nearby?,English,shopping
Switch to silent mode,English,command
What language do they speak in South Korea?,English,information
How much does fitness tracker cost?,English,shopping
Recommend a song for the family,English,entertainment
Remind me to send the email at 6:30 AM,English,command
How long to drive to the hospital?,English,navigation
昨晚比赛谁赢了?,Mandarin,information
How do I get to the beach?,English,navigation
Disable NFC,English,command
Show me the fastest route to the hospital,English,navigation
Buy tickets for concert,English,shopping
Where can I buy backpack nearby?,English,shopping
Close all reminders,English,command
नए हेडफोन खरीदो,Hindi,shopping
Buy tablet,English,shopping
Send Mike a message saying call me back,English,command
Restock yogurt,English,shopping
What are the Eiffel Tower?,English,information
Is the Great Barrier Reef long?,English,information
Add diapers to my cart,English,shopping
Achète des écouteurs neufs,French,shopping
How long to drive to the market?,English,navigation
Amazonの注文を追跡して,Japanese,shopping
Order speaker online,English,shopping
मुझे एयरपोर्ट ले चलो,Hindi,navigation
Find Valentine's Day deals,English,shopping
What's trending on YouTube?,English,entertainment
Agrega leche a la lista de compras,Spanish,shopping
What's the top book on Tidal?,English,entertainment
Buy headphones,English,shopping
Turn down the volume,English,command
What's the score of the Red Sox game?,English,entertainment
What's the distance of the Olympic Games?,English,information
Find refurbished headphones under $100,English,shopping
Take me to the office,English,navigation
Find the best deal on robot vacuum,English,shopping
Stream premiere live,English,entertainment
Find a gas station near me,English,navigation
Show me hip hop movies on Netflix,English,entertainment
Find a scenic route to school,English,navigation
How long is the United Nations?,English,information
Take me to work,English,navigation
Call the office,English,command
How far is it to the next ATM?,English,navigation
What's the difference between virus and bacteria?,English,information
Tell me about the Olympic Games,English,information
Como está o tempo hoje?,Portuguese,information
What's the origin of the Eiffel Tower?,English,information
What are the internet?,English,information
Show me cheapest camera,English,shopping
Find deals on phone case,English,shopping
When was Niagara Falls created?,English,information
How do I get to the dentist?,English,navigation
Order printer online,English,shopping
Find the cheapest umbrella,English,shopping
Find a scenic route to Central Park,English,navigation
Add apples to my cart,English,shopping
What is the capital of Germany?,English,information
Compare prices for hiking boots,English,shopping
Tell me about Mount Everest,English,information
Me leve ao aeroporto,Portuguese,navigation
मेरा पसंदीदा गाना बजाओ,Hindi,entertainment
Find the nearest bank,English,navigation
When was the Pyramids of Giza built?,English,information
Is there a restaurant ahead?,English,navigation
Disable Bluetooth,English,command
Show me horror movies on HBO Max,English,entertainment
कल रात का मैच किसने जीता?,Hindi,information
What's the difference between weather and climate?,English,information
Reorder my last Best Buy order,English,shopping
Find the best deal on wireless earbuds,English,shopping
Recommend a song for kids,English,entertainment
Directions to Miami,English,navigation
Start schedule,English,command
Show me the fastest route to home,English,navigation
What's the best route to the ferry terminal?,English,navigation
Play sleep playlist,English,entertainment
How does dark matter work?,English,information
What's the top documentary on Crunchyroll?,English,entertainment
What time is it in Mexico City?,English,information
お母さんに電話して,Japanese,command
Set the thermostat to minimum,English,command
Show me albums by Ariana Grande,English,entertainment
Route avoiding traffic,English,navigation
Route to Chicago,English,navigation
How do you say water in Mandarin?,English,information
Find the cheapest printer,English,shopping
Take me to the city center,English,navigation
Navigate to the courthouse,English,navigation
घर का रास्ता बताओ,Hindi,navigation
What's the top book on Peacock?,English,entertainment
¿Cuál es el clima de hoy?,Spanish,information
What games are on tonight?,English,entertainment
Where can I buy camera nearby?,English,shopping
Play evening playlist,English,entertainment
Play calm music for cleaning,English,entertainment
What is gravity?,English,information
How does compound interest work?,English,information
Ruta a casa,Spanish,navigation
Play {genre} music,English,entertainment
Find deals on speaker,English,shopping
What's the weather in Nairobi?,English,information
Définis l'intelligence artificielle,French,information
Stream concert live,English,entertainment
Stop timer,English,command
What's the score of the Lakers game?,English,entertainment
Where is the closest barber shop?,English,navigation
Take me to the nearest auto repair shop,English,navigation
How far is Paris from New York?,English,information
Is there a bike shop ahead?,English,navigation
Order a replacement umbrella,English,shopping
Open the camera,English,command
Directions to the church,English,navigation
Unlock the heater,English,command
Add chicken to my shopping list,English,shopping
Take me to the nearest movie theater,English,navigation
Trouve des magasins de vêtements proches,French,shopping
What's new on Apple Music?,English,entertainment
Is there a ATM ahead?,English,navigation
Navigate to the hospital,English,navigation
Track my Walmart order,English,shopping
What's the origin of the Colosseum?,English,information
What's the score of the Celtics game?,English,entertainment
Where can I buy monitor nearby?,English,shopping
What's the weather in Bangkok?,English,information
Show me books on sale,English,shopping
Buy sleeping bag,English,shopping
Play an audiobook by Stephen King,English,entertainment
Éteins les lumières,French,command
Order rain jacket from Costco,English,shopping
Restock rice,English,shopping
Add ground beef to my cart,English,shopping
Turn down the timer,English,command
Navigate to the market,English,navigation
Ajoute du lait à la liste de courses,French,shopping
How do I avoid the highway?,English,navigation
What time does the festival start?,English,entertainment
How long to drive to Chicago?,English,navigation
Set the timer to maximum,English,command
Find sci-fi podcasts rated PG-13,English,entertainment
Find top-rated air purifier under $500,English,shopping
How far is Toronto from Sydney?,English,information
What's the weather in Rome?,English,information
What is the meaning of cognizant?,English,information
How old is the Colosseum?,English,information
Find self-help podcasts rated G,English,entertainment
Send John a message saying I'm on my way,English,command
Track my Uber Eats order,English,shopping
Take me to the nearest parking spot,English,navigation
Order a replacement blender,English,shopping
Compare prices for tablet,English,shopping
Route to the dentist,English,navigation
Find a florist near me,English,navigation
How do I get to home?,English,navigation
What time is it in Jakarta?,English,information
Play calm music for dinner,English,entertainment
Take me to the nearest laundromat,English,navigation
Add paper towels to my shopping list,English,shopping
Who stars in Dune?,English,entertainment
Play happy music for reading,English,entertainment
What games are on Sunday?,English,entertainment
Show me the fastest route to the waterfront,English,navigation
Show me reviews for desk lamp,English,shopping
What's the stock price of Machu Picchu?,English,information
Navigate to the nearest subway station,English,navigation
How far is it to the next library?,English,navigation
What causes sinkholes?,English,information
近くの洋服店を探して,Japanese,shopping
Directions to the nearest hardware store,English,navigation
¿Qué series están de moda?,Spanish,entertainment
Remind me about meeting tomorrow,English,command
Route to the market,English,navigation
What language do they speak in Indonesia?,English,information
How do I get to the hospital?,English,navigation
What language do they speak in Nigeria?,English,information
¿Cómo llego al centro comercial?,Spanish,navigation
Tell me about the Mariana Trench,English,information
Directions to home,English,navigation
Compare prices for camera,English,shopping
最近的加油站在哪里?,Mandarin,navigation
Show me nature movies on Hulu,English,entertainment
Add sunscreen to my shopping list,English,shopping
Add butter to my cart,English,shopping
Recommande-moi un podcast,French,entertainment
Find the cheapest speaker,English,shopping
Find the cheapest vitamins,English,shopping
Show me romance movies on Peacock,English,entertainment
Take me to the nearest pet store,English,navigation
Add tomatoes to my cart,English,shopping
Show me reviews for blender,English,shopping
Who won the Thanksgiving this year last season?,English,information
Find the cheapest fitness tracker,English,shopping
Netflix上有什么热门的?,Mandarin,entertainment
What's the top book on Apple TV?,English,entertainment
When was the Eiffel Tower built?,English,information
Set an alarm for 6 AM,English,command
Find the cheapest electric toothbrush,English,shopping
Take me to the nearest library,English,navigation
Find a highly rated bank nearby,English,navigation
Take me to the nearest hardware store,English,navigation
Turn on the porch light,English,command
Restock dish soap,English,shopping
新しいヘッドフォンを買って,Japanese,shopping
おすすめのポッドキャストを教えて,Japanese,entertainment
Where is the closest restaurant?,English,navigation
Where is the closest pet store?,English,navigation
Directions to the waterfront,English,navigation
Play upbeat music for working out,English,entertainment
Play an audiobook by Dan Brown,English,entertainment
Show me {genre} on YouTube,English,entertainment
What are the best travel playlists right now?,English,entertainment
Navigate to the nearest library,English,navigation
Compare prices for iron,English,shopping
カレンダーを開いて,Japanese,command
How do I get to downtown?,English,navigation
कृत्रिम बुद्धिमत्ता की परिभाषा बताओ,Hindi,information
Wer hat das Spiel gestern Abend gewonnen?,German,information
Find a open pet store nearby,English,navigation
Who won the daylight saving time last month?,English,information
Play upbeat music for dinner,English,entertainment
What is the capital of India?,English,information
Remind me to check the oven at 3 PM,English,command
Play morning playlist,English,entertainment
Show me hip hop movies on Apple Music,English,entertainment
What's the top podcast on YouTube?,English,entertainment
Clear all tabs,English,command
Buy tickets for premiere,English,shopping
Buy a new headphones,English,shopping
Order a replacement keyboard,English,shopping
When is the spring equinox?,English,information
Take me to the dentist,English,navigation
Turn on the bedroom lights,English,command
Route to the park,English,navigation
Appelle maman,French,command
How do you say goodbye in Italian?,English,information
Turn off the sprinklers,English,command
Compare prices for wireless earbuds,English,shopping
What's the top series on Netflix?,English,entertainment
Show me reviews for suitcase,English,shopping
Order resistance bands online,English,shopping
Where can I buy office chair nearby?,English,shopping
Me diga as manchetes de hoje,Portuguese,information
How do I avoid the bridge?,English,navigation
Show me newest monitor,English,shopping
Find top-rated keyboard under $500,English,shopping
Pide una pizza para mí,Spanish,shopping
What's trending on Netflix?,English,entertainment
How far is Berlin from Seoul?,English,information
Order sunglasses online,English,shopping
Compare prices for laptop,English,shopping
When was the Colosseum built?,English,information
How much does protein powder cost?,English,shopping
Play the top 20 hits,English,entertainment
Directions to the city center,English,navigation
How far is Moscow from Sydney?,English,information
Peça uma pizza para mim,Portuguese,shopping
Order ramen for delivery,English,shopping
What's the origin of Machu Picchu?,English,information
Add ice cream to my cart,English,shopping
How much does coffee machine cost?,English,shopping
How far is it to the next gym?,English,navigation
What is the capital of Spain?,English,information
Set a timer for 90 seconds,English,command
Show me reviews for yoga mat,English,shopping
What are the symptoms of the flu?,English,information
What's the weather in Paris?,English,information
What is the meaning of ephemeral?,English,information
Check my voicemail,English,command
Play Adele,English,entertainment
Directions to the nearest rest stop,English,navigation
Find deals on smartwatch,English,shopping
What are the best R&B albums right now?,English,entertainment
Find a coupon for Costco,English,shopping
Apaga las luces,Spanish,command
Is there a post office ahead?,English,navigation
Find a laundromat near me,English,navigation
What is the capital of Japan?,English,information
Navigate to the nearest car wash,English,navigation
Buy a gift for my sister,English,shopping
What's the weather in Mumbai?,English,information
What is the capital of Morocco?,English,information
Order tablet online,English,shopping
Turn down the thermostat,English,command
Is there a fire station ahead?,English,navigation
Play random playlist,English,entertainment
Where can I buy fitness tracker nearby?,English,shopping
What games are on tomorrow?,English,entertainment
What does CEO stand for?,English,information
Directions to the hospital,English,navigation
When was the Eiffel Tower created?,English,information
Montre-moi des comédies,French,entertainment
How much does sleeping bag cost?,English,shopping
How far is it to the next car wash?,English,navigation
Show me waterproof portable charger,English,shopping
Who won the the next Olympics last month?,English,information
Take me to the nearest coffee shop,English,navigation
Reply to Emily's message,English,command
Show me the fastest route to Chicago,English,navigation
Enable Do Not Disturb,English,command
How far is it to the next pet store?,English,navigation
What's trending on Crunchyroll?,English,entertainment
Subscribe to a photographer,English,shopping
Find deals on backpack,English,shopping
Buy speaker,English,shopping
Remind me to submit the report at 8 PM,English,command
What's the best route to school?,English,navigation
Find deals on winter jacket,English,shopping
Find deals on laptop,English,shopping
Play an audiobook by J.K. Rowling,English,entertainment
How old is the Eiffel Tower?,English,information
What's the best route to the hotel?,English,navigation
What's trending on Amazon Prime?,English,entertainment
How do you say food in Portuguese?,English,information
Order a replacement wireless earbuds,English,shopping
Find R&B documentarys rated PG,English,entertainment
Send a text to Mom,English,command
Find the cheapest contact lenses,English,shopping
Who stars in Interstellar?,English,entertainment
Open the calendar,English,command
Find a dentist near me,English,navigation
Turn on the lights,English,command
What are the Mariana Trench?,English,information
Turn on the air conditioning,English,command
Take me to mom's house,English,navigation
How much does electric toothbrush cost?,English,shopping
Remind me to call the dentist at noon,English,command
Show me best protein powder,English,shopping
Disable mobile data,English,command
Who stars in Top Gun Maverick?,English,entertainment
Show me the fastest route to the courthouse,English,navigation
Restock orange juice,English,shopping
Buy a new hiking boots,English,shopping
Order a replacement hair dryer,English,shopping
What's the weather in New York?,English,information
Find the best deal on laptop,English,shopping
Define inteligencia artificial,Spanish,information
Set an alarm for 8 AM,English,command
What are Stonehenge?,English,information
What does STEM stand for?,English,information
How old is the Taj Mahal?,English,information
Find classical shows rated PG-13,English,entertainment
When was the Great Barrier Reef created?,English,information
Find the cheapest running shoes,English,shopping
Buy a new protein powder,English,shopping
今日の天気はどう?,Japanese,information
Finde Bekleidungsgeschäfte in der Nähe,German,shopping
Remind me to check the oven at 7 AM,English,command
Remind me about study session tomorrow,English,command
Send a text to Alex,English,command
Abre el calendario,Spanish,command
Reply to Mike's message,English,command
Tell me about the solar system,English,information
Navigate to the nearest pet store,English,navigation
Play the latest Dua Lipa album,English,entertainment
Open Chrome,English,command
How does virtual reality work?,English,information
Wie komme ich zum Central Park?,German,navigation
What is vaccines?,English,information
Who built the Taj Mahal?,English,information
Restock bread,English,shopping
How does the water cycle work?,English,information
How long to drive to the marina?,English,navigation
Play upbeat music for sleeping,English,entertainment
What language do they speak in Germany?,English,information
Open Uber,English,command
सुबह सात बजे का अलार्म लगाओ,Hindi,command
How much does backpack cost?,English,shopping
What causes avalanches?,English,information
Read my last steps today,English,command
Play workout playlist,English,entertainment
What's the top album on Paramount Plus?,English,entertainment
Find deals on gaming mouse,English,shopping
Stop notifications,English,command
Set an alarm for 6:30 AM,English,command
What are the symptoms of food poisoning?,English,information
Show me reviews for vitamins,English,shopping
What language do they speak in Spain?,English,information
Directions to the nearest subway station,English,navigation
When was NASA created?,English,information
Pon una alarma a las siete,Spanish,command
Play intense music for reading,English,entertainment
Remind me about meeting this evening,English,command
What are the human body?,English,information
Find a gas station with Wi-Fi,English,navigation
Navigate to the train station,English,navigation
Find a plumber nearby,English,shopping
Navigate to the office,English,navigation
What are the solar system?,English,information
Cancel my emails,English,command
Define DNA,English,information
What's the difference between empathy and sympathy?,English,information
Who is the population of Japan?,English,information
Where is the closest bookstore?,English,navigation
Disable Wi-Fi,English,command
When is the next solar eclipse?,English,information
पास की कपड़ों की दुकानें खोजो,Hindi,shopping
设置早上七点的闹钟,Mandarin,command
What time is it in Dubai?,English,information
Open Google Maps,English,command
Route to the zoo,English,navigation
Play motivational music for dinner,English,entertainment
Take me to the nearest hotel,English,navigation
When was the Mariana Trench created?,English,information
Restock baby formula,English,shopping
Dime las noticias del día,Spanish,information
帮我点一个披萨,Mandarin,shopping
Play the top 10 hits,English,entertainment
Delete all alarms,English,command
Play road trip playlist,English,entertainment
What's trending on Peacock?,English,entertainment
Route avoiding ferries,English,navigation
Take me to Chicago,English,navigation
How much does smartwatch cost?,English,shopping
Find portable hair dryer under $200,English,shopping
Find the nearest hardware store,English,navigation
Define UNESCO,English,information
Find a coupon for Target,English,shopping
Add butter to my shopping list,English,shopping
Turn on the fireplace,English,command
How do I get to the ferry terminal?,English,navigation
How far is the ferry terminal from here?,English,navigation
What is natural selection?,English,information
Find a 24-hour barber shop nearby,English,navigation
Add ice cream to my shopping list,English,shopping
How long to drive to the church?,English,navigation
Stop email,English,command
Comment aller à Central Park?,French,navigation
Buy a new resistance bands,English,shopping
Busca la gasolinera más cercana,Spanish,navigation
Subscribe to a tutor,English,shopping
Order a replacement sleeping bag,English,shopping
Open YouTube,English,command
How old is the internet?,English,information
Schedule a call for Wednesday,English,command
What causes floods?,English,information
How long to drive to downtown?,English,navigation
Stream show live,English,entertainment
Add olive oil to my cart,English,shopping
Find a hotel near me,English,navigation
Where can I buy rain jacket nearby?,English,shopping
Compre fones de ouvido novos,Portuguese,shopping
What time does the premiere start?,English,entertainment
Play study playlist,English,entertainment
Switch to dark mode,English,command
Show me reviews for sneakers,English,shopping
Find fitness documentarys rated PG-13,English,entertainment
Order a replacement bicycle,English,shopping
Find a coffee shop with restrooms,English,navigation
Define GDP,English,information
What's the stock price of the Taj Mahal?,English,information
Set a timer for 20 minutes,English,command
What's trending on Disney Plus?,English,entertainment
Remind me about dinner in an hour,English,command
What games are on this weekend?,English,entertainment
Compare AirPods and Galaxy Buds,English,shopping
When was the Pyramids of Giza created?,English,information
Add dish soap to my cart,English,shopping
Find a coffee shop near me,English,navigation
Start voicemail,English,command
How much does hair dryer cost?,English,shopping
Find the best deal on hair dryer,English,shopping
Find a hardware store near me,English,navigation
Directions to mom's house,English,navigation
Show me the fastest route to the university,English,navigation
What does NASA stand for?,English,information
Set the bass to maximum,English,command
Start text message,English,command
Show me reviews for resistance bands,English,shopping
Buy camera,English,shopping
Define RSVP,English,information
What language do they speak in Egypt?,English,information
Qual é a altura da Torre Eiffel?,Portuguese,information
How far is the city center from here?,English,navigation
Find a hospital near me,English,navigation
Show me documentarys by Doja Cat,English,entertainment
Open Settings,English,command
Turn off the heater,English,command
What's the best route to the city center?,English,navigation
How long to drive to the convention center?,English,navigation
What are the best crime podcasts right now?,English,entertainment
Find comedy documentarys rated G,English,entertainment
Navigate to the nearest hospital,English,navigation
Switch to power saving mode,English,command
What causes rainbows?,English,information
Find the cheapest iron,English,shopping
Subscribe to a pet sitter,English,shopping
Enable Bluetooth,English,command
Restock cheese,English,shopping
Navigate to the nearest urgent care,English,navigation
Disable location services,English,command
What time does the tournament start?,English,entertainment
Who is the capital of Tesla?,English,information
Find the best deal on resistance bands,English,shopping
What's the best route to Boston?,English,navigation
How many teaspoons in a tablespoon?,English,information
打开日历,Mandarin,command
Set the volume to 68 degrees,English,command
Order portable charger from Uber Eats,English,shopping
What language do they speak in Kenya?,English,information
Öffne den Kalender,German,command
Set a timer for 15 minutes,English,command
Adicione leite à lista de compras,Portuguese,shopping
What are the symptoms of anemia?,English,information
朝7時にアラームをセットして,Japanese,command
Show me car washs near the community center,English,navigation
Play happy music for working out,English,entertainment
Show me cheapest monitor,English,shopping
Find the cheapest sleeping bag,English,shopping
Take me to the ferry terminal,English,navigation
Find the nearest auto repair shop,English,navigation
Direction la station-service la plus proche,French,navigation
Turn off the lights,English,command
Find the best deal on keyboard,English,shopping
Send Alex a message saying see you soon,English,command
Tell me about the Nobel Prize,English,information
Who is the CEO of South Korea?,English,information
Turn on the oven,English,command
Directions to the nearest EV charger,English,navigation
Take me to the university,English,navigation
Find the best deal on speaker,English,shopping
What's new on Peacock?,English,entertainment
Add milk to my shopping list,English,shopping
What time is it in Tokyo?,English,information
How far is the waterfront from here?,English,navigation
Reply to Sarah's message,English,command
Route to the waterfront,English,navigation
Turn off the porch light,English,command
Directions to the nearest dry cleaner,English,navigation
How many calories in a banana?,English,information
Schedule a study session for Tuesday,English,command
When was the Olympic Games built?,English,information
एफिल टावर कितना ऊंचा है?,Hindi,information
When was the Mariana Trench built?,English,information
Order a replacement sunglasses,English,shopping
エッフェル塔の高さは?,Japanese,information
Open the flashlight,English,command
Check my battery level,English,command
Show me shoes on sale,English,shopping
How far is it to the next parking spot?,English,navigation
Find the cheapest bicycle,English,shopping
What time is it in Berlin?,English,information
Show me viral videos today,English,entertainment
What's the weather in Cairo?,English,information
Directions to the office,English,navigation
Set the bass to 72 degrees,English,command
Set an alarm for 10 PM,English,command
Add baby formula to my cart,English,shopping
Find deals on hiking boots,English,shopping
Directions to San Francisco,English,navigation
What's the origin of Niagara Falls?,English,information
Who wrote the Amazon River?,English,information
Find the best deal on blender,English,shopping
Is there a gym ahead?,English,navigation
Who won the New Year's Eve last season?,English,information
Find kids playlists rated PG,English,entertainment
What's the score of the Yankees game?,English,entertainment
What are the symptoms of carpal tunnel?,English,information
How many miles in a marathon?,English,information
Buy electric toothbrush,English,shopping
Find the cheapest keyboard,English,shopping
Where can I buy sleeping bag nearby?,English,shopping
Wie hoch ist der Eiffelturm?,German,information
How far is the stadium from here?,English,navigation
お気に入りの曲を再生して,Japanese,entertainment
How much does iron cost?,English,shopping
Find a coupon for Whole Foods,English,shopping
Cancel my timer,English,command
Show me banks near the waterfront,English,navigation
Is there a auto repair shop ahead?,English,navigation
Navigate to the park,English,navigation
How old is the Nobel Prize?,English,information
Zeig mir Comedy-Sendungen,German,entertainment
Show me electronics on sale,English,shopping
Disable Do Not Disturb,English,command
Find a scenic route to San Francisco,English,navigation
Order monitor online,English,shopping
What does ETF stand for?,English,information
Recommend a documentary for the weekend,English,entertainment
What is DNA?,English,information
Find deals on drone,English,shopping
Recommend a movie for date night,English,entertainment
Navigate to the community center,English,navigation
Remind me to take my medicine at 10 PM,English,command
How does climate change work?,English,information
埃菲尔铁塔有多高?,Mandarin,information
मम्मी को फोन लगाओ,Hindi,command
What are the Tony nominees this year?,English,entertainment
What language do they speak in Mexico?,English,information
Find the best deal on sunglasses,English,shopping
带我去机场,Mandarin,navigation
Order blender online,English,shopping
Directions to the market,English,navigation
Find the cheapest resistance bands,English,shopping
Order a replacement robot vacuum,English,shopping
Buy sneakers,English,shopping
Turn on the TV,English,command
How do you say sorry in Arabic?,English,information
Where can I buy water bottle nearby?,English,shopping
Subscribe to a cleaner,English,shopping
Open Spotify,English,command
Send Dad a message saying call me back,English,command
Check my notifications,English,command
Is there a Starbucks ahead?,English,navigation
Show me walking directions to the mall,English,navigation
What language do they speak in Thailand?,English,information
How far is São Paulo from Lagos?,English,information
What's new on Apple TV?,English,entertainment
What's new on Tidal?,English,entertainment
Where can I buy yoga mat nearby?,English,shopping
Is there a dentist ahead?,English,navigation
ピザを注文して,Japanese,shopping
Order sushi for delivery,English,shopping
What is the capital of Brazil?,English,information
Play party playlist,English,entertainment
How do I get to the waterfront?,English,navigation
Play chill playlist,English,entertainment
What is the capital of France?,English,information
Call Mom,English,command
How much does headphones cost?,English,shopping
Check my tabs,English,command
Order salad for delivery,English,shopping
Recommend a pop podcast,English,entertainment
Find a 24-hour urgent care nearby,English,navigation
Where is the closest dry cleaner?,English,navigation
Send a text to Mike,English,command
Buy a new skateboard,English,shopping
Find the best deal on fitness tracker,English,shopping
Directions to the vet,English,navigation
Buy portable charger,English,shopping
Restock butter,English,shopping
Set the volume to 72 degrees,English,command
Compare prices for fitness tracker,English,shopping
Send a text to my doctor,English,command
Navigate to the nearest parking spot,English,navigation
Show me sports movies on Peacock,English,entertainment
What's the origin of the World Cup?,English,information
Call my boss,English,command
Read my last emails,English,command
Play an audiobook by Walter Isaacson,English,entertainment
Navigate to the hotel,English,navigation
Find cheapest office chair under $50,English,shopping
Route to the stadium,English,navigation
How far is the beach from here?,English,navigation
Add dog food to my shopping list,English,shopping
Find a dry cleaner near me,English,navigation
Find a bike shop near me,English,navigation
When was Stonehenge built?,English,information
Kauf neue Kopfhörer,German,shopping
